tipo,algoritmo,N,NP,H,workers,tiempo_us
Hilos,clasica,1600,5,1,4,10505103
Hilos,clasica,1600,5,1,4,10473796
Hilos,clasica,1600,5,1,4,10506813
Hilos,clasica,1600,5,1,4,10485243
Hilos,clasica,1600,5,1,4,10495340
Hilos,clasica,1600,5,1,4,10462035
Hilos,clasica,1600,5,1,4,10574247
Hilos,clasica,1600,5,1,4,10378625
Hilos,clasica,1600,5,1,4,10541968
Hilos,clasica,1600,5,1,4,10527829
Hilos,clasica,1600,5,1,4,10265943
Hilos,clasica,1600,5,1,4,10414857
Hilos,clasica,1600,5,1,4,10481610
Hilos,clasica,1600,5,1,4,10550532
Hilos,clasica,1600,5,1,4,10510081
Hilos,clasica,1600,5,1,4,10426233
Hilos,clasica,1600,5,1,4,10470491
Hilos,clasica,1600,5,1,4,10588916
Hilos,clasica,1600,5,1,4,10286078
Hilos,clasica,1600,5,1,4,10600129
Hilos,clasica,1600,5,1,4,10423421
Hilos,clasica,1600,5,1,4,10466668
Hilos,clasica,1600,5,1,4,10386224
Hilos,clasica,1600,5,1,4,10398752
Hilos,clasica,1600,5,1,4,10465283
Hilos,clasica,1600,5,1,4,10421588
Hilos,clasica,1600,5,1,4,10441609
Hilos,clasica,1600,5,1,4,10425506
Hilos,clasica,1600,5,1,4,10451939
Hilos,clasica,1600,5,1,4,10446206
Hilos,clasica,1600,5,4,4,6429994
Hilos,clasica,1600,5,4,4,6568406
Hilos,clasica,1600,5,4,4,6499093
Hilos,clasica,1600,5,4,4,6290471
Hilos,clasica,1600,5,4,4,6465799
Hilos,clasica,1600,5,4,4,6216192
Hilos,clasica,1600,5,4,4,6211320
Hilos,clasica,1600,5,4,4,6460932
Hilos,clasica,1600,5,4,4,6225830
Hilos,clasica,1600,5,4,4,6424341
Hilos,clasica,1600,5,4,4,6232056
Hilos,clasica,1600,5,4,4,6314684
Hilos,clasica,1600,5,4,4,6296583
Hilos,clasica,1600,5,4,4,6379117
Hilos,clasica,1600,5,4,4,6424669
Hilos,clasica,1600,5,4,4,6554832
Hilos,clasica,1600,5,4,4,6453475
Hilos,clasica,1600,5,4,4,6487495
Hilos,clasica,1600,5,4,4,6357606
Hilos,clasica,1600,5,4,4,6545683
Hilos,clasica,1600,5,4,4,6373210
Hilos,clasica,1600,5,4,4,6682889
Hilos,clasica,1600,5,4,4,6633327
Hilos,clasica,1600,5,4,4,6392245
Hilos,clasica,1600,5,4,4,6383989
Hilos,clasica,1600,5,4,4,6471566
Hilos,clasica,1600,5,4,4,6332401
Hilos,clasica,1600,5,4,4,6366434
Hilos,clasica,1600,5,4,4,6526484
Hilos,clasica,1600,5,4,4,6334078
Hilos,clasica,1600,5,8,4,6077765
Hilos,clasica,1600,5,8,4,5787694
Hilos,clasica,1600,5,8,4,5790408
Hilos,clasica,1600,5,8,4,5866072
Hilos,clasica,1600,5,8,4,6238151
Hilos,clasica,1600,5,8,4,5863651
Hilos,clasica,1600,5,8,4,5852045
Hilos,clasica,1600,5,8,4,5831236
Hilos,clasica,1600,5,8,4,5842439
Hilos,clasica,1600,5,8,4,6150029
Hilos,clasica,1600,5,8,4,6052286
Hilos,clasica,1600,5,8,4,5812539
Hilos,clasica,1600,5,8,4,6024700
Hilos,clasica,1600,5,8,4,5837840
Hilos,clasica,1600,5,8,4,6134664
Hilos,clasica,1600,5,8,4,6081464
Hilos,clasica,1600,5,8,4,6087796
Hilos,clasica,1600,5,8,4,6144749
Hilos,clasica,1600,5,8,4,6060391
Hilos,clasica,1600,5,8,4,5800581
Hilos,clasica,1600,5,8,4,6092932
Hilos,clasica,1600,5,8,4,5820970
Hilos,clasica,1600,5,8,4,5845544
Hilos,clasica,1600,5,8,4,5920694
Hilos,clasica,1600,5,8,4,6101925
Hilos,clasica,1600,5,8,4,5860062
Hilos,clasica,1600,5,8,4,5854660
Hilos,clasica,1600,5,8,4,5847416
Hilos,clasica,1600,5,8,4,6094069
Hilos,clasica,1600,5,8,4,5879805
Hilos,clasica,3200,5,1,4,85342280
Hilos,clasica,3200,5,1,4,84664244
Hilos,clasica,3200,5,1,4,84577133
Hilos,clasica,3200,5,1,4,85364791
Hilos,clasica,3200,5,1,4,87375087
Hilos,clasica,3200,5,1,4,84540480
Hilos,clasica,3200,5,1,4,85332284
Hilos,clasica,3200,5,1,4,85352481
Hilos,clasica,3200,5,1,4,84982643
Hilos,clasica,3200,5,1,4,84657953
Hilos,clasica,3200,5,1,4,85139687
Hilos,clasica,3200,5,1,4,85360381
Hilos,clasica,3200,5,1,4,84077774
Hilos,clasica,3200,5,1,4,86693769
Hilos,clasica,3200,5,1,4,84928686
Hilos,clasica,3200,5,1,4,84722949
Hilos,clasica,3200,5,1,4,85229642
Hilos,clasica,3200,5,1,4,84052952
Hilos,clasica,3200,5,1,4,85456233
Hilos,clasica,3200,5,1,4,86458764
Hilos,clasica,3200,5,1,4,84246041
Hilos,clasica,3200,5,1,4,84982498
Hilos,clasica,3200,5,1,4,84209974
Hilos,clasica,3200,5,1,4,85931415
Hilos,clasica,3200,5,1,4,85886462
Hilos,clasica,3200,5,1,4,85369471
Hilos,clasica,3200,5,1,4,85998589
Hilos,clasica,3200,5,1,4,84919218
Hilos,clasica,3200,5,1,4,86167853
Hilos,clasica,3200,5,1,4,84806845
Hilos,clasica,3200,5,4,4,38948245
Hilos,clasica,3200,5,4,4,38748690
Hilos,clasica,3200,5,4,4,40259630
Hilos,clasica,3200,5,4,4,38849707
Hilos,clasica,3200,5,4,4,39065538
Hilos,clasica,3200,5,4,4,39699938
Hilos,clasica,3200,5,4,4,40749545
Hilos,clasica,3200,5,4,4,38858777
Hilos,clasica,3200,5,4,4,39465806
Hilos,clasica,3200,5,4,4,39430621
Hilos,clasica,3200,5,4,4,39633715
Hilos,clasica,3200,5,4,4,38925867
Hilos,clasica,3200,5,4,4,40734821
Hilos,clasica,3200,5,4,4,40896966
Hilos,clasica,3200,5,4,4,40962925
Hilos,clasica,3200,5,4,4,39651319
Hilos,clasica,3200,5,4,4,40614365
Hilos,clasica,3200,5,4,4,41441044
Hilos,clasica,3200,5,4,4,38624176
Hilos,clasica,3200,5,4,4,41277160
Hilos,clasica,3200,5,4,4,39000477
Hilos,clasica,3200,5,4,4,39025427
Hilos,clasica,3200,5,4,4,39077735
Hilos,clasica,3200,5,4,4,39235374
Hilos,clasica,3200,5,4,4,38791580
Hilos,clasica,3200,5,4,4,40596657
Hilos,clasica,3200,5,4,4,41937036
Hilos,clasica,3200,5,4,4,41137263
Hilos,clasica,3200,5,4,4,38748803
Hilos,clasica,3200,5,4,4,40562817
Hilos,clasica,3200,5,8,4,37697318
Hilos,clasica,3200,5,8,4,35638414
Hilos,clasica,3200,5,8,4,35720213
Hilos,clasica,3200,5,8,4,36040788
Hilos,clasica,3200,5,8,4,35512963
Hilos,clasica,3200,5,8,4,36309747
Hilos,clasica,3200,5,8,4,35857846
Hilos,clasica,3200,5,8,4,35586647
Hilos,clasica,3200,5,8,4,35484373
Hilos,clasica,3200,5,8,4,36139889
Hilos,clasica,3200,5,8,4,35347718
Hilos,clasica,3200,5,8,4,37073678
Hilos,clasica,3200,5,8,4,35807043
Hilos,clasica,3200,5,8,4,35497583
Hilos,clasica,3200,5,8,4,35691698
Hilos,clasica,3200,5,8,4,35055887
Hilos,clasica,3200,5,8,4,35037041
Hilos,clasica,3200,5,8,4,35112909
Hilos,clasica,3200,5,8,4,36052568
Hilos,clasica,3200,5,8,4,35056156
Hilos,clasica,3200,5,8,4,35736310
Hilos,clasica,3200,5,8,4,35698861
Hilos,clasica,3200,5,8,4,35579438
Hilos,clasica,3200,5,8,4,35622926
Hilos,clasica,3200,5,8,4,35287976
Hilos,clasica,3200,5,8,4,35396863
Hilos,clasica,3200,5,8,4,35763399
Hilos,clasica,3200,5,8,4,35564589
Hilos,clasica,3200,5,8,4,35959005
Hilos,clasica,3200,5,8,4,35410302
Hilos,clasica,400,5,1,4,328981
Hilos,clasica,400,5,1,4,328086
Hilos,clasica,400,5,1,4,322909
Hilos,clasica,400,5,1,4,327771
Hilos,clasica,400,5,1,4,322322
Hilos,clasica,400,5,1,4,321934
Hilos,clasica,400,5,1,4,315353
Hilos,clasica,400,5,1,4,316533
Hilos,clasica,400,5,1,4,329546
Hilos,clasica,400,5,1,4,328929
Hilos,clasica,400,5,1,4,349177
Hilos,clasica,400,5,1,4,329406
Hilos,clasica,400,5,1,4,323694
Hilos,clasica,400,5,1,4,321033
Hilos,clasica,400,5,1,4,320137
Hilos,clasica,400,5,1,4,330417
Hilos,clasica,400,5,1,4,329455
Hilos,clasica,400,5,1,4,331545
Hilos,clasica,400,5,1,4,327777
Hilos,clasica,400,5,1,4,324077
Hilos,clasica,400,5,1,4,330617
Hilos,clasica,400,5,1,4,331663
Hilos,clasica,400,5,1,4,329436
Hilos,clasica,400,5,1,4,328459
Hilos,clasica,400,5,1,4,318243
Hilos,clasica,400,5,1,4,326130
Hilos,clasica,400,5,1,4,333407
Hilos,clasica,400,5,1,4,320786
Hilos,clasica,400,5,1,4,322071
Hilos,clasica,400,5,1,4,330735
Hilos,clasica,400,5,4,4,301610
Hilos,clasica,400,5,4,4,291912
Hilos,clasica,400,5,4,4,300759
Hilos,clasica,400,5,4,4,293525
Hilos,clasica,400,5,4,4,302578
Hilos,clasica,400,5,4,4,298276
Hilos,clasica,400,5,4,4,301321
Hilos,clasica,400,5,4,4,305558
Hilos,clasica,400,5,4,4,303656
Hilos,clasica,400,5,4,4,302562
Hilos,clasica,400,5,4,4,297072
Hilos,clasica,400,5,4,4,292934
Hilos,clasica,400,5,4,4,294482
Hilos,clasica,400,5,4,4,299735
Hilos,clasica,400,5,4,4,294456
Hilos,clasica,400,5,4,4,297414
Hilos,clasica,400,5,4,4,301666
Hilos,clasica,400,5,4,4,292468
Hilos,clasica,400,5,4,4,501188
Hilos,clasica,400,5,4,4,309124
Hilos,clasica,400,5,4,4,297200
Hilos,clasica,400,5,4,4,300406
Hilos,clasica,400,5,4,4,302219
Hilos,clasica,400,5,4,4,301576
Hilos,clasica,400,5,4,4,306624
Hilos,clasica,400,5,4,4,299593
Hilos,clasica,400,5,4,4,302530
Hilos,clasica,400,5,4,4,298710
Hilos,clasica,400,5,4,4,301919
Hilos,clasica,400,5,4,4,301189
Hilos,clasica,400,5,8,4,311607
Hilos,clasica,400,5,8,4,302630
Hilos,clasica,400,5,8,4,309413
Hilos,clasica,400,5,8,4,302390
Hilos,clasica,400,5,8,4,307974
Hilos,clasica,400,5,8,4,306281
Hilos,clasica,400,5,8,4,310478
Hilos,clasica,400,5,8,4,309075
Hilos,clasica,400,5,8,4,304893
Hilos,clasica,400,5,8,4,301676
Hilos,clasica,400,5,8,4,306271
Hilos,clasica,400,5,8,4,308271
Hilos,clasica,400,5,8,4,309539
Hilos,clasica,400,5,8,4,301606
Hilos,clasica,400,5,8,4,306721
Hilos,clasica,400,5,8,4,306638
Hilos,clasica,400,5,8,4,301896
Hilos,clasica,400,5,8,4,309558
Hilos,clasica,400,5,8,4,300002
Hilos,clasica,400,5,8,4,308718
Hilos,clasica,400,5,8,4,308727
Hilos,clasica,400,5,8,4,299836
Hilos,clasica,400,5,8,4,301733
Hilos,clasica,400,5,8,4,311966
Hilos,clasica,400,5,8,4,310610
Hilos,clasica,400,5,8,4,302185
Hilos,clasica,400,5,8,4,304345
Hilos,clasica,400,5,8,4,296837
Hilos,clasica,400,5,8,4,307367
Hilos,clasica,400,5,8,4,308157
Hilos,clasica,800,5,1,4,1563455
Hilos,clasica,800,5,1,4,1545321
Hilos,clasica,800,5,1,4,1566372
Hilos,clasica,800,5,1,4,1551632
Hilos,clasica,800,5,1,4,1564531
Hilos,clasica,800,5,1,4,1553921
Hilos,clasica,800,5,1,4,1569412
Hilos,clasica,800,5,1,4,1577620
Hilos,clasica,800,5,1,4,1577728
Hilos,clasica,800,5,1,4,1556854
Hilos,clasica,800,5,1,4,1562524
Hilos,clasica,800,5,1,4,1538104
Hilos,clasica,800,5,1,4,1550191
Hilos,clasica,800,5,1,4,1555834
Hilos,clasica,800,5,1,4,1546513
Hilos,clasica,800,5,1,4,1559440
Hilos,clasica,800,5,1,4,1578486
Hilos,clasica,800,5,1,4,1574406
Hilos,clasica,800,5,1,4,1535789
Hilos,clasica,800,5,1,4,1558478
Hilos,clasica,800,5,1,4,1534963
Hilos,clasica,800,5,1,4,1567582
Hilos,clasica,800,5,1,4,1568660
Hilos,clasica,800,5,1,4,1551937
Hilos,clasica,800,5,1,4,1586501
Hilos,clasica,800,5,1,4,1532866
Hilos,clasica,800,5,1,4,1550043
Hilos,clasica,800,5,1,4,1575775
Hilos,clasica,800,5,1,4,1578707
Hilos,clasica,800,5,1,4,1552339
Hilos,clasica,800,5,4,4,1315865
Hilos,clasica,800,5,4,4,1268520
Hilos,clasica,800,5,4,4,1277485
Hilos,clasica,800,5,4,4,1293463
Hilos,clasica,800,5,4,4,1292095
Hilos,clasica,800,5,4,4,1295125
Hilos,clasica,800,5,4,4,1336262
Hilos,clasica,800,5,4,4,1352966
Hilos,clasica,800,5,4,4,1308040
Hilos,clasica,800,5,4,4,1301596
Hilos,clasica,800,5,4,4,1279622
Hilos,clasica,800,5,4,4,1298701
Hilos,clasica,800,5,4,4,1305546
Hilos,clasica,800,5,4,4,1297945
Hilos,clasica,800,5,4,4,1298313
Hilos,clasica,800,5,4,4,1300131
Hilos,clasica,800,5,4,4,1299503
Hilos,clasica,800,5,4,4,1288895
Hilos,clasica,800,5,4,4,1336948
Hilos,clasica,800,5,4,4,1318872
Hilos,clasica,800,5,4,4,1311098
Hilos,clasica,800,5,4,4,1286599
Hilos,clasica,800,5,4,4,1291101
Hilos,clasica,800,5,4,4,1296672
Hilos,clasica,800,5,4,4,1281689
Hilos,clasica,800,5,4,4,1303398
Hilos,clasica,800,5,4,4,1310081
Hilos,clasica,800,5,4,4,1284083
Hilos,clasica,800,5,4,4,1262917
Hilos,clasica,800,5,4,4,1290496
Hilos,clasica,800,5,8,4,1276227
Hilos,clasica,800,5,8,4,1275681
Hilos,clasica,800,5,8,4,1267695
Hilos,clasica,800,5,8,4,1273887
Hilos,clasica,800,5,8,4,1268630
Hilos,clasica,800,5,8,4,1269500
Hilos,clasica,800,5,8,4,1265558
Hilos,clasica,800,5,8,4,1263105
Hilos,clasica,800,5,8,4,1262350
Hilos,clasica,800,5,8,4,1279835
Hilos,clasica,800,5,8,4,1263661
Hilos,clasica,800,5,8,4,1252989
Hilos,clasica,800,5,8,4,1271332
Hilos,clasica,800,5,8,4,1254719
Hilos,clasica,800,5,8,4,1265063
Hilos,clasica,800,5,8,4,1291784
Hilos,clasica,800,5,8,4,1257213
Hilos,clasica,800,5,8,4,1265941
Hilos,clasica,800,5,8,4,1257635
Hilos,clasica,800,5,8,4,1260581
Hilos,clasica,800,5,8,4,1271976
Hilos,clasica,800,5,8,4,1281428
Hilos,clasica,800,5,8,4,1283289
Hilos,clasica,800,5,8,4,1291700
Hilos,clasica,800,5,8,4,1269450
Hilos,clasica,800,5,8,4,1272774
Hilos,clasica,800,5,8,4,1292109
Hilos,clasica,800,5,8,4,1274438
Hilos,clasica,800,5,8,4,1280861
Hilos,clasica,800,5,8,4,1277336
Hilos,transpuesta,1600,5,1,4,7529095
Hilos,transpuesta,1600,5,1,4,7521668
Hilos,transpuesta,1600,5,1,4,7517764
Hilos,transpuesta,1600,5,1,4,7380416
Hilos,transpuesta,1600,5,1,4,7380058
Hilos,transpuesta,1600,5,1,4,7460802
Hilos,transpuesta,1600,5,1,4,7382890
Hilos,transpuesta,1600,5,1,4,7378487
Hilos,transpuesta,1600,5,1,4,7391369
Hilos,transpuesta,1600,5,1,4,7396772
Hilos,transpuesta,1600,5,1,4,7497582
Hilos,transpuesta,1600,5,1,4,7501525
Hilos,transpuesta,1600,5,1,4,7498446
Hilos,transpuesta,1600,5,1,4,7382768
Hilos,transpuesta,1600,5,1,4,7379959
Hilos,transpuesta,1600,5,1,4,7379435
Hilos,transpuesta,1600,5,1,4,7426930
Hilos,transpuesta,1600,5,1,4,7373344
Hilos,transpuesta,1600,5,1,4,7379686
Hilos,transpuesta,1600,5,1,4,7369024
Hilos,transpuesta,1600,5,1,4,7397083
Hilos,transpuesta,1600,5,1,4,7427233
Hilos,transpuesta,1600,5,1,4,7397189
Hilos,transpuesta,1600,5,1,4,7366541
Hilos,transpuesta,1600,5,1,4,7396042
Hilos,transpuesta,1600,5,1,4,7382525
Hilos,transpuesta,1600,5,1,4,7373310
Hilos,transpuesta,1600,5,1,4,7432401
Hilos,transpuesta,1600,5,1,4,7384051
Hilos,transpuesta,1600,5,1,4,7385732
Hilos,transpuesta,1600,5,4,4,5311550
Hilos,transpuesta,1600,5,4,4,5322802
Hilos,transpuesta,1600,5,4,4,5522416
Hilos,transpuesta,1600,5,4,4,5516595
Hilos,transpuesta,1600,5,4,4,5491373
Hilos,transpuesta,1600,5,4,4,5544579
Hilos,transpuesta,1600,5,4,4,5458904
Hilos,transpuesta,1600,5,4,4,5301907
Hilos,transpuesta,1600,5,4,4,5308306
Hilos,transpuesta,1600,5,4,4,5319324
Hilos,transpuesta,1600,5,4,4,5313372
Hilos,transpuesta,1600,5,4,4,5522195
Hilos,transpuesta,1600,5,4,4,5307521
Hilos,transpuesta,1600,5,4,4,5281599
Hilos,transpuesta,1600,5,4,4,5321559
Hilos,transpuesta,1600,5,4,4,5303326
Hilos,transpuesta,1600,5,4,4,5326333
Hilos,transpuesta,1600,5,4,4,5524438
Hilos,transpuesta,1600,5,4,4,5314746
Hilos,transpuesta,1600,5,4,4,5314060
Hilos,transpuesta,1600,5,4,4,5319433
Hilos,transpuesta,1600,5,4,4,5318416
Hilos,transpuesta,1600,5,4,4,5548463
Hilos,transpuesta,1600,5,4,4,5317000
Hilos,transpuesta,1600,5,4,4,5320325
Hilos,transpuesta,1600,5,4,4,5326047
Hilos,transpuesta,1600,5,4,4,5299399
Hilos,transpuesta,1600,5,4,4,5512733
Hilos,transpuesta,1600,5,4,4,5534334
Hilos,transpuesta,1600,5,4,4,5550014
Hilos,transpuesta,1600,5,8,4,5329610
Hilos,transpuesta,1600,5,8,4,5320855
Hilos,transpuesta,1600,5,8,4,5320476
Hilos,transpuesta,1600,5,8,4,5217054
Hilos,transpuesta,1600,5,8,4,5244715
Hilos,transpuesta,1600,5,8,4,5236393
Hilos,transpuesta,1600,5,8,4,5221716
Hilos,transpuesta,1600,5,8,4,5309293
Hilos,transpuesta,1600,5,8,4,5232860
Hilos,transpuesta,1600,5,8,4,5227084
Hilos,transpuesta,1600,5,8,4,5236620
Hilos,transpuesta,1600,5,8,4,5247401
Hilos,transpuesta,1600,5,8,4,5353335
Hilos,transpuesta,1600,5,8,4,5220292
Hilos,transpuesta,1600,5,8,4,5244125
Hilos,transpuesta,1600,5,8,4,5238594
Hilos,transpuesta,1600,5,8,4,5374914
Hilos,transpuesta,1600,5,8,4,5306474
Hilos,transpuesta,1600,5,8,4,5223232
Hilos,transpuesta,1600,5,8,4,5237980
Hilos,transpuesta,1600,5,8,4,5239018
Hilos,transpuesta,1600,5,8,4,5309815
Hilos,transpuesta,1600,5,8,4,5312138
Hilos,transpuesta,1600,5,8,4,5234093
Hilos,transpuesta,1600,5,8,4,5240408
Hilos,transpuesta,1600,5,8,4,5244181
Hilos,transpuesta,1600,5,8,4,5227110
Hilos,transpuesta,1600,5,8,4,5379160
Hilos,transpuesta,1600,5,8,4,5291078
Hilos,transpuesta,1600,5,8,4,5294373
Hilos,transpuesta,3200,5,1,4,41031313
Hilos,transpuesta,3200,5,1,4,40984874
Hilos,transpuesta,3200,5,1,4,41013267
Hilos,transpuesta,3200,5,1,4,40938144
Hilos,transpuesta,3200,5,1,4,40987609
Hilos,transpuesta,3200,5,1,4,40965429
Hilos,transpuesta,3200,5,1,4,40955128
Hilos,transpuesta,3200,5,1,4,40992569
Hilos,transpuesta,3200,5,1,4,40997681
Hilos,transpuesta,3200,5,1,4,40948829
Hilos,transpuesta,3200,5,1,4,41021966
Hilos,transpuesta,3200,5,1,4,40958014
Hilos,transpuesta,3200,5,1,4,41047679
Hilos,transpuesta,3200,5,1,4,40981386
Hilos,transpuesta,3200,5,1,4,40977555
Hilos,transpuesta,3200,5,1,4,41040132
Hilos,transpuesta,3200,5,1,4,41700241
Hilos,transpuesta,3200,5,1,4,40968151
Hilos,transpuesta,3200,5,1,4,41007495
Hilos,transpuesta,3200,5,1,4,40942848
Hilos,transpuesta,3200,5,1,4,40984104
Hilos,transpuesta,3200,5,1,4,41024638
Hilos,transpuesta,3200,5,1,4,40994260
Hilos,transpuesta,3200,5,1,4,40954161
Hilos,transpuesta,3200,5,1,4,40990369
Hilos,transpuesta,3200,5,1,4,40980348
Hilos,transpuesta,3200,5,1,4,41007235
Hilos,transpuesta,3200,5,1,4,41022371
Hilos,transpuesta,3200,5,1,4,40992902
Hilos,transpuesta,3200,5,1,4,40994111
Hilos,transpuesta,3200,5,4,4,25577969
Hilos,transpuesta,3200,5,4,4,24684543
Hilos,transpuesta,3200,5,4,4,25152918
Hilos,transpuesta,3200,5,4,4,24758197
Hilos,transpuesta,3200,5,4,4,24760855
Hilos,transpuesta,3200,5,4,4,24421609
Hilos,transpuesta,3200,5,4,4,24772806
Hilos,transpuesta,3200,5,4,4,24811091
Hilos,transpuesta,3200,5,4,4,24805653
Hilos,transpuesta,3200,5,4,4,24888248
Hilos,transpuesta,3200,5,4,4,25726328
Hilos,transpuesta,3200,5,4,4,25304896
Hilos,transpuesta,3200,5,4,4,25583991
Hilos,transpuesta,3200,5,4,4,25503374
Hilos,transpuesta,3200,5,4,4,27038353
Hilos,transpuesta,3200,5,4,4,24862576
Hilos,transpuesta,3200,5,4,4,24859098
Hilos,transpuesta,3200,5,4,4,24803889
Hilos,transpuesta,3200,5,4,4,24871846
Hilos,transpuesta,3200,5,4,4,25137505
Hilos,transpuesta,3200,5,4,4,24912460
Hilos,transpuesta,3200,5,4,4,25286945
Hilos,transpuesta,3200,5,4,4,24719892
Hilos,transpuesta,3200,5,4,4,24907591
Hilos,transpuesta,3200,5,4,4,24702609
Hilos,transpuesta,3200,5,4,4,24695994
Hilos,transpuesta,3200,5,4,4,24518514
Hilos,transpuesta,3200,5,4,4,24593659
Hilos,transpuesta,3200,5,4,4,24647320
Hilos,transpuesta,3200,5,4,4,24693183
Hilos,transpuesta,3200,5,8,4,23531580
Hilos,transpuesta,3200,5,8,4,23575149
Hilos,transpuesta,3200,5,8,4,23521467
Hilos,transpuesta,3200,5,8,4,23559980
Hilos,transpuesta,3200,5,8,4,23560174
Hilos,transpuesta,3200,5,8,4,23553045
Hilos,transpuesta,3200,5,8,4,23522932
Hilos,transpuesta,3200,5,8,4,24090704
Hilos,transpuesta,3200,5,8,4,23529561
Hilos,transpuesta,3200,5,8,4,23516105
Hilos,transpuesta,3200,5,8,4,23533289
Hilos,transpuesta,3200,5,8,4,23533021
Hilos,transpuesta,3200,5,8,4,23523638
Hilos,transpuesta,3200,5,8,4,23510717
Hilos,transpuesta,3200,5,8,4,23988950
Hilos,transpuesta,3200,5,8,4,23560552
Hilos,transpuesta,3200,5,8,4,23542509
Hilos,transpuesta,3200,5,8,4,23529099
Hilos,transpuesta,3200,5,8,4,23532153
Hilos,transpuesta,3200,5,8,4,23575759
Hilos,transpuesta,3200,5,8,4,23523662
Hilos,transpuesta,3200,5,8,4,23541635
Hilos,transpuesta,3200,5,8,4,23591173
Hilos,transpuesta,3200,5,8,4,23527604
Hilos,transpuesta,3200,5,8,4,23565801
Hilos,transpuesta,3200,5,8,4,23976529
Hilos,transpuesta,3200,5,8,4,23547885
Hilos,transpuesta,3200,5,8,4,23527327
Hilos,transpuesta,3200,5,8,4,23531799
Hilos,transpuesta,3200,5,8,4,23518374
Hilos,transpuesta,400,5,1,4,318462
Hilos,transpuesta,400,5,1,4,313649
Hilos,transpuesta,400,5,1,4,324608
Hilos,transpuesta,400,5,1,4,326731
Hilos,transpuesta,400,5,1,4,323902
Hilos,transpuesta,400,5,1,4,320118
Hilos,transpuesta,400,5,1,4,320557
Hilos,transpuesta,400,5,1,4,322926
Hilos,transpuesta,400,5,1,4,329261
Hilos,transpuesta,400,5,1,4,326580
Hilos,transpuesta,400,5,1,4,323411
Hilos,transpuesta,400,5,1,4,328317
Hilos,transpuesta,400,5,1,4,315691
Hilos,transpuesta,400,5,1,4,327012
Hilos,transpuesta,400,5,1,4,325943
Hilos,transpuesta,400,5,1,4,315316
Hilos,transpuesta,400,5,1,4,325300
Hilos,transpuesta,400,5,1,4,328606
Hilos,transpuesta,400,5,1,4,314086
Hilos,transpuesta,400,5,1,4,328528
Hilos,transpuesta,400,5,1,4,325241
Hilos,transpuesta,400,5,1,4,326519
Hilos,transpuesta,400,5,1,4,327433
Hilos,transpuesta,400,5,1,4,322598
Hilos,transpuesta,400,5,1,4,329153
Hilos,transpuesta,400,5,1,4,325912
Hilos,transpuesta,400,5,1,4,333388
Hilos,transpuesta,400,5,1,4,324122
Hilos,transpuesta,400,5,1,4,321995
Hilos,transpuesta,400,5,1,4,326732
Hilos,transpuesta,400,5,4,4,298100
Hilos,transpuesta,400,5,4,4,297436
Hilos,transpuesta,400,5,4,4,295870
Hilos,transpuesta,400,5,4,4,300798
Hilos,transpuesta,400,5,4,4,295011
Hilos,transpuesta,400,5,4,4,299324
Hilos,transpuesta,400,5,4,4,294424
Hilos,transpuesta,400,5,4,4,291037
Hilos,transpuesta,400,5,4,4,292751
Hilos,transpuesta,400,5,4,4,298853
Hilos,transpuesta,400,5,4,4,298908
Hilos,transpuesta,400,5,4,4,293399
Hilos,transpuesta,400,5,4,4,300715
Hilos,transpuesta,400,5,4,4,304335
Hilos,transpuesta,400,5,4,4,298287
Hilos,transpuesta,400,5,4,4,297129
Hilos,transpuesta,400,5,4,4,293533
Hilos,transpuesta,400,5,4,4,298118
Hilos,transpuesta,400,5,4,4,301103
Hilos,transpuesta,400,5,4,4,302200
Hilos,transpuesta,400,5,4,4,299049
Hilos,transpuesta,400,5,4,4,297334
Hilos,transpuesta,400,5,4,4,297569
Hilos,transpuesta,400,5,4,4,296490
Hilos,transpuesta,400,5,4,4,298337
Hilos,transpuesta,400,5,4,4,298314
Hilos,transpuesta,400,5,4,4,298152
Hilos,transpuesta,400,5,4,4,299301
Hilos,transpuesta,400,5,4,4,293767
Hilos,transpuesta,400,5,4,4,294867
Hilos,transpuesta,400,5,8,4,299242
Hilos,transpuesta,400,5,8,4,305001
Hilos,transpuesta,400,5,8,4,304632
Hilos,transpuesta,400,5,8,4,306427
Hilos,transpuesta,400,5,8,4,301610
Hilos,transpuesta,400,5,8,4,302939
Hilos,transpuesta,400,5,8,4,301830
Hilos,transpuesta,400,5,8,4,299848
Hilos,transpuesta,400,5,8,4,378209
Hilos,transpuesta,400,5,8,4,302165
Hilos,transpuesta,400,5,8,4,306729
Hilos,transpuesta,400,5,8,4,304019
Hilos,transpuesta,400,5,8,4,306030
Hilos,transpuesta,400,5,8,4,293280
Hilos,transpuesta,400,5,8,4,304558
Hilos,transpuesta,400,5,8,4,306298
Hilos,transpuesta,400,5,8,4,306521
Hilos,transpuesta,400,5,8,4,296810
Hilos,transpuesta,400,5,8,4,295798
Hilos,transpuesta,400,5,8,4,304939
Hilos,transpuesta,400,5,8,4,293429
Hilos,transpuesta,400,5,8,4,305847
Hilos,transpuesta,400,5,8,4,300419
Hilos,transpuesta,400,5,8,4,307412
Hilos,transpuesta,400,5,8,4,308569
Hilos,transpuesta,400,5,8,4,299926
Hilos,transpuesta,400,5,8,4,305257
Hilos,transpuesta,400,5,8,4,299485
Hilos,transpuesta,400,5,8,4,304166
Hilos,transpuesta,400,5,8,4,305892
Hilos,transpuesta,800,5,1,4,1454467
Hilos,transpuesta,800,5,1,4,1480470
Hilos,transpuesta,800,5,1,4,1453942
Hilos,transpuesta,800,5,1,4,1456135
Hilos,transpuesta,800,5,1,4,1472409
Hilos,transpuesta,800,5,1,4,1464470
Hilos,transpuesta,800,5,1,4,1463282
Hilos,transpuesta,800,5,1,4,1469686
Hilos,transpuesta,800,5,1,4,1448533
Hilos,transpuesta,800,5,1,4,1464842
Hilos,transpuesta,800,5,1,4,1448256
Hilos,transpuesta,800,5,1,4,1462189
Hilos,transpuesta,800,5,1,4,1459921
Hilos,transpuesta,800,5,1,4,1455562
Hilos,transpuesta,800,5,1,4,1477746
Hilos,transpuesta,800,5,1,4,1466675
Hilos,transpuesta,800,5,1,4,1484968
Hilos,transpuesta,800,5,1,4,1471416
Hilos,transpuesta,800,5,1,4,1450744
Hilos,transpuesta,800,5,1,4,1462086
Hilos,transpuesta,800,5,1,4,1467029
Hilos,transpuesta,800,5,1,4,1450665
Hilos,transpuesta,800,5,1,4,1463255
Hilos,transpuesta,800,5,1,4,1463925
Hilos,transpuesta,800,5,1,4,1458151
Hilos,transpuesta,800,5,1,4,1456798
Hilos,transpuesta,800,5,1,4,1436677
Hilos,transpuesta,800,5,1,4,1456497
Hilos,transpuesta,800,5,1,4,1470075
Hilos,transpuesta,800,5,1,4,1449552
Hilos,transpuesta,800,5,4,4,1211022
Hilos,transpuesta,800,5,4,4,1189169
Hilos,transpuesta,800,5,4,4,1206922
Hilos,transpuesta,800,5,4,4,1257885
Hilos,transpuesta,800,5,4,4,1244925
Hilos,transpuesta,800,5,4,4,1234467
Hilos,transpuesta,800,5,4,4,1232854
Hilos,transpuesta,800,5,4,4,1242176
Hilos,transpuesta,800,5,4,4,1241733
Hilos,transpuesta,800,5,4,4,1218354
Hilos,transpuesta,800,5,4,4,1224700
Hilos,transpuesta,800,5,4,4,1249744
Hilos,transpuesta,800,5,4,4,1225272
Hilos,transpuesta,800,5,4,4,1245031
Hilos,transpuesta,800,5,4,4,1240395
Hilos,transpuesta,800,5,4,4,1242913
Hilos,transpuesta,800,5,4,4,1229341
Hilos,transpuesta,800,5,4,4,1241426
Hilos,transpuesta,800,5,4,4,1247044
Hilos,transpuesta,800,5,4,4,1239754
Hilos,transpuesta,800,5,4,4,1241659
Hilos,transpuesta,800,5,4,4,1240012
Hilos,transpuesta,800,5,4,4,1243911
Hilos,transpuesta,800,5,4,4,1244576
Hilos,transpuesta,800,5,4,4,1249192
Hilos,transpuesta,800,5,4,4,1256879
Hilos,transpuesta,800,5,4,4,1243678
Hilos,transpuesta,800,5,4,4,1250466
Hilos,transpuesta,800,5,4,4,1208190
Hilos,transpuesta,800,5,4,4,1255189
Hilos,transpuesta,800,5,8,4,1223796
Hilos,transpuesta,800,5,8,4,1213464
Hilos,transpuesta,800,5,8,4,1186944
Hilos,transpuesta,800,5,8,4,1190594
Hilos,transpuesta,800,5,8,4,1199845
Hilos,transpuesta,800,5,8,4,1222836
Hilos,transpuesta,800,5,8,4,1194817
Hilos,transpuesta,800,5,8,4,1207160
Hilos,transpuesta,800,5,8,4,1200884
Hilos,transpuesta,800,5,8,4,1201043
Hilos,transpuesta,800,5,8,4,1212299
Hilos,transpuesta,800,5,8,4,1230357
Hilos,transpuesta,800,5,8,4,1197212
Hilos,transpuesta,800,5,8,4,1196924
Hilos,transpuesta,800,5,8,4,1207252
Hilos,transpuesta,800,5,8,4,1221098
Hilos,transpuesta,800,5,8,4,1205591
Hilos,transpuesta,800,5,8,4,1204284
Hilos,transpuesta,800,5,8,4,1180172
Hilos,transpuesta,800,5,8,4,1195165
Hilos,transpuesta,800,5,8,4,1213987
Hilos,transpuesta,800,5,8,4,1214815
Hilos,transpuesta,800,5,8,4,1225941
Hilos,transpuesta,800,5,8,4,1213886
Hilos,transpuesta,800,5,8,4,1221289
Hilos,transpuesta,800,5,8,4,1220615
Hilos,transpuesta,800,5,8,4,1215161
Hilos,transpuesta,800,5,8,4,1208745
Hilos,transpuesta,800,5,8,4,1228245
Hilos,transpuesta,800,5,8,4,1215957
Procesos,clasica,1600,17,1,16,7856852
Procesos,clasica,1600,17,1,16,7074812
Procesos,clasica,1600,17,1,16,6801279
Procesos,clasica,1600,17,1,16,6671233
Procesos,clasica,1600,17,1,16,7839150
Procesos,clasica,1600,17,1,16,6676322
Procesos,clasica,1600,17,1,16,7360035
Procesos,clasica,1600,17,1,16,6675351
Procesos,clasica,1600,17,1,16,7065741
Procesos,clasica,1600,17,1,16,7490203
Procesos,clasica,1600,17,1,16,6614793
Procesos,clasica,1600,17,1,16,7101264
Procesos,clasica,1600,17,1,16,7409666
Procesos,clasica,1600,17,1,16,6760440
Procesos,clasica,1600,17,1,16,6683978
Procesos,clasica,1600,17,1,16,7324042
Procesos,clasica,1600,17,1,16,6508132
Procesos,clasica,1600,17,1,16,6686091
Procesos,clasica,1600,17,1,16,6582476
Procesos,clasica,1600,17,1,16,6931373
Procesos,clasica,1600,17,1,16,7401330
Procesos,clasica,1600,17,1,16,6966381
Procesos,clasica,1600,17,1,16,6615486
Procesos,clasica,1600,17,1,16,6832133
Procesos,clasica,1600,17,1,16,7505706
Procesos,clasica,1600,17,1,16,7675342
Procesos,clasica,1600,17,1,16,6913144
Procesos,clasica,1600,17,1,16,7850786
Procesos,clasica,1600,17,1,16,7648225
Procesos,clasica,1600,17,1,16,6810887
Procesos,clasica,1600,33,1,32,16724688
Procesos,clasica,1600,33,1,32,16544580
Procesos,clasica,1600,33,1,32,16496901
Procesos,clasica,1600,33,1,32,16413232
Procesos,clasica,1600,33,1,32,16550815
Procesos,clasica,1600,33,1,32,16526170
Procesos,clasica,1600,33,1,32,16356321
Procesos,clasica,1600,33,1,32,16534878
Procesos,clasica,1600,33,1,32,16387660
Procesos,clasica,1600,33,1,32,16397526
Procesos,clasica,1600,33,1,32,16407649
Procesos,clasica,1600,33,1,32,16532379
Procesos,clasica,1600,33,1,32,16619178
Procesos,clasica,1600,33,1,32,16642101
Procesos,clasica,1600,33,1,32,16601386
Procesos,clasica,1600,33,1,32,16485045
Procesos,clasica,1600,33,1,32,16281016
Procesos,clasica,1600,33,1,32,16419524
Procesos,clasica,1600,33,1,32,16362209
Procesos,clasica,1600,33,1,32,16574426
Procesos,clasica,1600,33,1,32,16458367
Procesos,clasica,1600,33,1,32,16434619
Procesos,clasica,1600,33,1,32,16299814
Procesos,clasica,1600,33,1,32,16259452
Procesos,clasica,1600,33,1,32,16434036
Procesos,clasica,1600,33,1,32,16244782
Procesos,clasica,1600,33,1,32,16729715
Procesos,clasica,1600,33,1,32,16371911
Procesos,clasica,1600,33,1,32,16631789
Procesos,clasica,1600,33,1,32,16747420
Procesos,clasica,1600,5,1,4,10165068
Procesos,clasica,1600,5,1,4,10343297
Procesos,clasica,1600,5,1,4,10234811
Procesos,clasica,1600,5,1,4,10255346
Procesos,clasica,1600,5,1,4,10226391
Procesos,clasica,1600,5,1,4,10342982
Procesos,clasica,1600,5,1,4,10157282
Procesos,clasica,1600,5,1,4,10326973
Procesos,clasica,1600,5,1,4,10267519
Procesos,clasica,1600,5,1,4,10252365
Procesos,clasica,1600,5,1,4,10309264
Procesos,clasica,1600,5,1,4,10192542
Procesos,clasica,1600,5,1,4,10315538
Procesos,clasica,1600,5,1,4,10249195
Procesos,clasica,1600,5,1,4,10341963
Procesos,clasica,1600,5,1,4,10261330
Procesos,clasica,1600,5,1,4,10358630
Procesos,clasica,1600,5,1,4,10286468
Procesos,clasica,1600,5,1,4,10321330
Procesos,clasica,1600,5,1,4,10303667
Procesos,clasica,1600,5,1,4,10303037
Procesos,clasica,1600,5,1,4,10490233
Procesos,clasica,1600,5,1,4,10329560
Procesos,clasica,1600,5,1,4,10555552
Procesos,clasica,1600,5,1,4,10174622
Procesos,clasica,1600,5,1,4,10317084
Procesos,clasica,1600,5,1,4,10357093
Procesos,clasica,1600,5,1,4,10262090
Procesos,clasica,1600,5,1,4,10180879
Procesos,clasica,1600,5,1,4,10236358
Procesos,clasica,3200,17,1,16,46426701
Procesos,clasica,3200,17,1,16,45784587
Procesos,clasica,3200,17,1,16,47963262
Procesos,clasica,3200,17,1,16,51671987
Procesos,clasica,3200,17,1,16,45418157
Procesos,clasica,3200,17,1,16,57872698
Procesos,clasica,3200,17,1,16,50035608
Procesos,clasica,3200,17,1,16,58516609
Procesos,clasica,3200,17,1,16,49526776
Procesos,clasica,3200,17,1,16,51105114
Procesos,clasica,3200,17,1,16,44933529
Procesos,clasica,3200,17,1,16,52300699
Procesos,clasica,3200,17,1,16,45782596
Procesos,clasica,3200,17,1,16,47026306
Procesos,clasica,3200,17,1,16,58068099
Procesos,clasica,3200,17,1,16,50573308
Procesos,clasica,3200,17,1,16,46247541
Procesos,clasica,3200,17,1,16,46619437
Procesos,clasica,3200,17,1,16,51933643
Procesos,clasica,3200,17,1,16,46433848
Procesos,clasica,3200,17,1,16,58222181
Procesos,clasica,3200,17,1,16,50443649
Procesos,clasica,3200,17,1,16,51829825
Procesos,clasica,3200,17,1,16,56049208
Procesos,clasica,3200,17,1,16,43893965
Procesos,clasica,3200,17,1,16,53364209
Procesos,clasica,3200,17,1,16,47350005
Procesos,clasica,3200,17,1,16,47876929
Procesos,clasica,3200,17,1,16,51371726
Procesos,clasica,3200,17,1,16,51304021
Procesos,clasica,3200,33,1,32,82029563
Procesos,clasica,3200,33,1,32,82821049
Procesos,clasica,3200,33,1,32,82704557
Procesos,clasica,3200,33,1,32,82662393
Procesos,clasica,3200,33,1,32,83055922
Procesos,clasica,3200,33,1,32,81905114
Procesos,clasica,3200,33,1,32,82678643
Procesos,clasica,3200,33,1,32,82186981
Procesos,clasica,3200,33,1,32,82842337
Procesos,clasica,3200,33,1,32,83863919
Procesos,clasica,3200,33,1,32,82053323
Procesos,clasica,3200,33,1,32,81951535
Procesos,clasica,3200,33,1,32,82670331
Procesos,clasica,3200,33,1,32,82884571
Procesos,clasica,3200,33,1,32,83169273
Procesos,clasica,3200,33,1,32,83216657
Procesos,clasica,3200,33,1,32,82616351
Procesos,clasica,3200,33,1,32,81406201
Procesos,clasica,3200,33,1,32,82059611
Procesos,clasica,3200,33,1,32,81472012
Procesos,clasica,3200,33,1,32,81888845
Procesos,clasica,3200,33,1,32,82948332
Procesos,clasica,3200,33,1,32,82531091
Procesos,clasica,3200,33,1,32,82287530
Procesos,clasica,3200,33,1,32,82749561
Procesos,clasica,3200,33,1,32,82820948
Procesos,clasica,3200,33,1,32,82780176
Procesos,clasica,3200,33,1,32,82805439
Procesos,clasica,3200,33,1,32,82452722
Procesos,clasica,3200,33,1,32,82242774
Procesos,clasica,3200,5,1,4,83585923
Procesos,clasica,3200,5,1,4,83081812
Procesos,clasica,3200,5,1,4,82861123
Procesos,clasica,3200,5,1,4,82650911
Procesos,clasica,3200,5,1,4,82494133
Procesos,clasica,3200,5,1,4,86694093
Procesos,clasica,3200,5,1,4,82520035
Procesos,clasica,3200,5,1,4,82570306
Procesos,clasica,3200,5,1,4,82954006
Procesos,clasica,3200,5,1,4,82689795
Procesos,clasica,3200,5,1,4,83044580
Procesos,clasica,3200,5,1,4,82135980
Procesos,clasica,3200,5,1,4,83812025
Procesos,clasica,3200,5,1,4,82370628
Procesos,clasica,3200,5,1,4,83023913
Procesos,clasica,3200,5,1,4,82737419
Procesos,clasica,3200,5,1,4,83103709
Procesos,clasica,3200,5,1,4,83335222
Procesos,clasica,3200,5,1,4,82610686
Procesos,clasica,3200,5,1,4,82748765
Procesos,clasica,3200,5,1,4,83069250
Procesos,clasica,3200,5,1,4,85300103
Procesos,clasica,3200,5,1,4,81586393
Procesos,clasica,3200,5,1,4,83006100
Procesos,clasica,3200,5,1,4,83229735
Procesos,clasica,3200,5,1,4,82883867
Procesos,clasica,3200,5,1,4,84483747
Procesos,clasica,3200,5,1,4,85848036
Procesos,clasica,3200,5,1,4,84565544
Procesos,clasica,3200,5,1,4,83299233
Procesos,clasica,400,17,1,16,436228
Procesos,clasica,400,17,1,16,319372
Procesos,clasica,400,17,1,16,330348
Procesos,clasica,400,17,1,16,336709
Procesos,clasica,400,17,1,16,332709
Procesos,clasica,400,17,1,16,312098
Procesos,clasica,400,17,1,16,296032
Procesos,clasica,400,17,1,16,323552
Procesos,clasica,400,17,1,16,318499
Procesos,clasica,400,17,1,16,345563
Procesos,clasica,400,17,1,16,311171
Procesos,clasica,400,17,1,16,338527
Procesos,clasica,400,17,1,16,324218
Procesos,clasica,400,17,1,16,291182
Procesos,clasica,400,17,1,16,287124
Procesos,clasica,400,17,1,16,331762
Procesos,clasica,400,17,1,16,300238
Procesos,clasica,400,17,1,16,339400
Procesos,clasica,400,17,1,16,343192
Procesos,clasica,400,17,1,16,283913
Procesos,clasica,400,17,1,16,316368
Procesos,clasica,400,17,1,16,336802
Procesos,clasica,400,17,1,16,330945
Procesos,clasica,400,17,1,16,343243
Procesos,clasica,400,17,1,16,319281
Procesos,clasica,400,17,1,16,341609
Procesos,clasica,400,17,1,16,324565
Procesos,clasica,400,17,1,16,348355
Procesos,clasica,400,17,1,16,289434
Procesos,clasica,400,17,1,16,330969
Procesos,clasica,400,5,1,4,325567
Procesos,clasica,400,5,1,4,328585
Procesos,clasica,400,5,1,4,331933
Procesos,clasica,400,5,1,4,332859
Procesos,clasica,400,5,1,4,327667
Procesos,clasica,400,5,1,4,327597
Procesos,clasica,400,5,1,4,337220
Procesos,clasica,400,5,1,4,318961
Procesos,clasica,400,5,1,4,331231
Procesos,clasica,400,5,1,4,330893
Procesos,clasica,400,5,1,4,322716
Procesos,clasica,400,5,1,4,326431
Procesos,clasica,400,5,1,4,330875
Procesos,clasica,400,5,1,4,323742
Procesos,clasica,400,5,1,4,319305
Procesos,clasica,400,5,1,4,326050
Procesos,clasica,400,5,1,4,323016
Procesos,clasica,400,5,1,4,325115
Procesos,clasica,400,5,1,4,325431
Procesos,clasica,400,5,1,4,323331
Procesos,clasica,400,5,1,4,327976
Procesos,clasica,400,5,1,4,319441
Procesos,clasica,400,5,1,4,322727
Procesos,clasica,400,5,1,4,328252
Procesos,clasica,400,5,1,4,328689
Procesos,clasica,400,5,1,4,321221
Procesos,clasica,400,5,1,4,318565
Procesos,clasica,400,5,1,4,326467
Procesos,clasica,400,5,1,4,324582
Procesos,clasica,400,5,1,4,318002
Procesos,clasica,800,17,1,16,1383537
Procesos,clasica,800,17,1,16,1305931
Procesos,clasica,800,17,1,16,1380711
Procesos,clasica,800,17,1,16,1392842
Procesos,clasica,800,17,1,16,1277085
Procesos,clasica,800,17,1,16,1342863
Procesos,clasica,800,17,1,16,1283794
Procesos,clasica,800,17,1,16,1384830
Procesos,clasica,800,17,1,16,1263730
Procesos,clasica,800,17,1,16,1336571
Procesos,clasica,800,17,1,16,1270643
Procesos,clasica,800,17,1,16,1233240
Procesos,clasica,800,17,1,16,1305477
Procesos,clasica,800,17,1,16,1402465
Procesos,clasica,800,17,1,16,1414245
Procesos,clasica,800,17,1,16,1278969
Procesos,clasica,800,17,1,16,1306781
Procesos,clasica,800,17,1,16,1335653
Procesos,clasica,800,17,1,16,1254688
Procesos,clasica,800,17,1,16,1438939
Procesos,clasica,800,17,1,16,1347140
Procesos,clasica,800,17,1,16,1405545
Procesos,clasica,800,17,1,16,1273522
Procesos,clasica,800,17,1,16,1297245
Procesos,clasica,800,17,1,16,1337756
Procesos,clasica,800,17,1,16,1407173
Procesos,clasica,800,17,1,16,1402838
Procesos,clasica,800,17,1,16,1265194
Procesos,clasica,800,17,1,16,1309161
Procesos,clasica,800,17,1,16,1384779
Procesos,clasica,800,33,1,32,3799747
Procesos,clasica,800,33,1,32,3808650
Procesos,clasica,800,33,1,32,3997894
Procesos,clasica,800,33,1,32,3880080
Procesos,clasica,800,33,1,32,3844581
Procesos,clasica,800,33,1,32,3959253
Procesos,clasica,800,33,1,32,3784104
Procesos,clasica,800,33,1,32,4847250
Procesos,clasica,800,33,1,32,3814590
Procesos,clasica,800,33,1,32,3856100
Procesos,clasica,800,33,1,32,3865052
Procesos,clasica,800,33,1,32,3824721
Procesos,clasica,800,33,1,32,3784242
Procesos,clasica,800,33,1,32,3787236
Procesos,clasica,800,33,1,32,3985604
Procesos,clasica,800,33,1,32,3777409
Procesos,clasica,800,33,1,32,3808434
Procesos,clasica,800,33,1,32,3846414
Procesos,clasica,800,33,1,32,3805463
Procesos,clasica,800,33,1,32,3830305
Procesos,clasica,800,33,1,32,3798178
Procesos,clasica,800,33,1,32,3801924
Procesos,clasica,800,33,1,32,3788902
Procesos,clasica,800,33,1,32,3874502
Procesos,clasica,800,33,1,32,3817632
Procesos,clasica,800,33,1,32,3858023
Procesos,clasica,800,33,1,32,3800042
Procesos,clasica,800,33,1,32,3797645
Procesos,clasica,800,33,1,32,3817682
Procesos,clasica,800,33,1,32,3803615
Procesos,clasica,800,5,1,4,1558846
Procesos,clasica,800,5,1,4,1566979
Procesos,clasica,800,5,1,4,1537253
Procesos,clasica,800,5,1,4,1564833
Procesos,clasica,800,5,1,4,1568343
Procesos,clasica,800,5,1,4,1562050
Procesos,clasica,800,5,1,4,1594426
Procesos,clasica,800,5,1,4,1564009
Procesos,clasica,800,5,1,4,1529221
Procesos,clasica,800,5,1,4,1525389
Procesos,clasica,800,5,1,4,1551248
Procesos,clasica,800,5,1,4,1543403
Procesos,clasica,800,5,1,4,1548832
Procesos,clasica,800,5,1,4,1555344
Procesos,clasica,800,5,1,4,1543798
Procesos,clasica,800,5,1,4,1565893
Procesos,clasica,800,5,1,4,1566642
Procesos,clasica,800,5,1,4,1591692
Procesos,clasica,800,5,1,4,1575971
Procesos,clasica,800,5,1,4,1525956
Procesos,clasica,800,5,1,4,1560447
Procesos,clasica,800,5,1,4,1556087
Procesos,clasica,800,5,1,4,1566449
Procesos,clasica,800,5,1,4,1538698
Procesos,clasica,800,5,1,4,1561925
Procesos,clasica,800,5,1,4,1554072
Procesos,clasica,800,5,1,4,1557849
Procesos,clasica,800,5,1,4,1542077
Procesos,clasica,800,5,1,4,1519655
Procesos,clasica,800,5,1,4,1517119
Procesos,transpuesta,1600,17,1,16,5445887
Procesos,transpuesta,1600,17,1,16,5801410
Procesos,transpuesta,1600,17,1,16,5340873
Procesos,transpuesta,1600,17,1,16,5601619
Procesos,transpuesta,1600,17,1,16,5813639
Procesos,transpuesta,1600,17,1,16,4977153
Procesos,transpuesta,1600,17,1,16,5590801
Procesos,transpuesta,1600,17,1,16,5106966
Procesos,transpuesta,1600,17,1,16,5621375
Procesos,transpuesta,1600,17,1,16,5405254
Procesos,transpuesta,1600,17,1,16,5375696
Procesos,transpuesta,1600,17,1,16,5578853
Procesos,transpuesta,1600,17,1,16,5547238
Procesos,transpuesta,1600,17,1,16,5480297
Procesos,transpuesta,1600,17,1,16,5238878
Procesos,transpuesta,1600,17,1,16,5408207
Procesos,transpuesta,1600,17,1,16,4985850
Procesos,transpuesta,1600,17,1,16,5761625
Procesos,transpuesta,1600,17,1,16,5267990
Procesos,transpuesta,1600,17,1,16,5890804
Procesos,transpuesta,1600,17,1,16,5741437
Procesos,transpuesta,1600,17,1,16,5699143
Procesos,transpuesta,1600,17,1,16,5365605
Procesos,transpuesta,1600,17,1,16,5934517
Procesos,transpuesta,1600,17,1,16,5775039
Procesos,transpuesta,1600,17,1,16,5603821
Procesos,transpuesta,1600,17,1,16,5703436
Procesos,transpuesta,1600,17,1,16,5774513
Procesos,transpuesta,1600,17,1,16,5301576
Procesos,transpuesta,1600,17,1,16,5399285
Procesos,transpuesta,1600,33,1,32,15118119
Procesos,transpuesta,1600,33,1,32,15138174
Procesos,transpuesta,1600,33,1,32,15288339
Procesos,transpuesta,1600,33,1,32,15332396
Procesos,transpuesta,1600,33,1,32,15255713
Procesos,transpuesta,1600,33,1,32,15207335
Procesos,transpuesta,1600,33,1,32,15194897
Procesos,transpuesta,1600,33,1,32,15325321
Procesos,transpuesta,1600,33,1,32,15211235
Procesos,transpuesta,1600,33,1,32,15029376
Procesos,transpuesta,1600,33,1,32,15238741
Procesos,transpuesta,1600,33,1,32,15061648
Procesos,transpuesta,1600,33,1,32,15127054
Procesos,transpuesta,1600,33,1,32,15228490
Procesos,transpuesta,1600,33,1,32,15188764
Procesos,transpuesta,1600,33,1,32,15155520
Procesos,transpuesta,1600,33,1,32,15234064
Procesos,transpuesta,1600,33,1,32,15475834
Procesos,transpuesta,1600,33,1,32,15113646
Procesos,transpuesta,1600,33,1,32,15128667
Procesos,transpuesta,1600,33,1,32,15019690
Procesos,transpuesta,1600,33,1,32,15201596
Procesos,transpuesta,1600,33,1,32,15180842
Procesos,transpuesta,1600,33,1,32,15095947
Procesos,transpuesta,1600,33,1,32,15108659
Procesos,transpuesta,1600,33,1,32,15197360
Procesos,transpuesta,1600,33,1,32,15074491
Procesos,transpuesta,1600,33,1,32,15136733
Procesos,transpuesta,1600,33,1,32,15226043
Procesos,transpuesta,1600,33,1,32,15494556
Procesos,transpuesta,1600,5,1,4,7522816
Procesos,transpuesta,1600,5,1,4,7445588
Procesos,transpuesta,1600,5,1,4,7353037
Procesos,transpuesta,1600,5,1,4,7449966
Procesos,transpuesta,1600,5,1,4,7360783
Procesos,transpuesta,1600,5,1,4,7378934
Procesos,transpuesta,1600,5,1,4,7396316
Procesos,transpuesta,1600,5,1,4,7403864
Procesos,transpuesta,1600,5,1,4,7544262
Procesos,transpuesta,1600,5,1,4,7533482
Procesos,transpuesta,1600,5,1,4,7466207
Procesos,transpuesta,1600,5,1,4,7392213
Procesos,transpuesta,1600,5,1,4,7373502
Procesos,transpuesta,1600,5,1,4,7449777
Procesos,transpuesta,1600,5,1,4,7391627
Procesos,transpuesta,1600,5,1,4,7387570
Procesos,transpuesta,1600,5,1,4,7405340
Procesos,transpuesta,1600,5,1,4,7389328
Procesos,transpuesta,1600,5,1,4,7360330
Procesos,transpuesta,1600,5,1,4,7424327
Procesos,transpuesta,1600,5,1,4,7398725
Procesos,transpuesta,1600,5,1,4,7379120
Procesos,transpuesta,1600,5,1,4,7374558
Procesos,transpuesta,1600,5,1,4,7385483
Procesos,transpuesta,1600,5,1,4,7419111
Procesos,transpuesta,1600,5,1,4,7353141
Procesos,transpuesta,1600,5,1,4,7409245
Procesos,transpuesta,1600,5,1,4,7396510
Procesos,transpuesta,1600,5,1,4,7392520
Procesos,transpuesta,1600,5,1,4,7499482
Procesos,transpuesta,3200,17,1,16,25483238
Procesos,transpuesta,3200,17,1,16,28895400
Procesos,transpuesta,3200,17,1,16,26650342
Procesos,transpuesta,3200,17,1,16,25533465
Procesos,transpuesta,3200,17,1,16,26167930
Procesos,transpuesta,3200,17,1,16,28914367
Procesos,transpuesta,3200,17,1,16,26337388
Procesos,transpuesta,3200,17,1,16,26248240
Procesos,transpuesta,3200,17,1,16,27571204
Procesos,transpuesta,3200,17,1,16,27732521
Procesos,transpuesta,3200,17,1,16,27251214
Procesos,transpuesta,3200,17,1,16,27313547
Procesos,transpuesta,3200,17,1,16,25910095
Procesos,transpuesta,3200,17,1,16,27538432
Procesos,transpuesta,3200,17,1,16,26094117
Procesos,transpuesta,3200,17,1,16,28048115
Procesos,transpuesta,3200,17,1,16,26337160
Procesos,transpuesta,3200,17,1,16,27963199
Procesos,transpuesta,3200,17,1,16,27041219
Procesos,transpuesta,3200,17,1,16,26775897
Procesos,transpuesta,3200,17,1,16,28031499
Procesos,transpuesta,3200,17,1,16,28484342
Procesos,transpuesta,3200,17,1,16,25784958
Procesos,transpuesta,3200,17,1,16,28552985
Procesos,transpuesta,3200,17,1,16,27037691
Procesos,transpuesta,3200,17,1,16,26817416
Procesos,transpuesta,3200,17,1,16,26596493
Procesos,transpuesta,3200,17,1,16,25202748
Procesos,transpuesta,3200,17,1,16,28974439
Procesos,transpuesta,3200,17,1,16,27523838
Procesos,transpuesta,3200,33,1,32,63117690
Procesos,transpuesta,3200,33,1,32,62989673
Procesos,transpuesta,3200,33,1,32,63278680
Procesos,transpuesta,3200,33,1,32,63566361
Procesos,transpuesta,3200,33,1,32,63061397
Procesos,transpuesta,3200,33,1,32,63608447
Procesos,transpuesta,3200,33,1,32,63465273
Procesos,transpuesta,3200,33,1,32,63619056
Procesos,transpuesta,3200,33,1,32,63211055
Procesos,transpuesta,3200,33,1,32,63346110
Procesos,transpuesta,3200,33,1,32,63241687
Procesos,transpuesta,3200,33,1,32,63524157
Procesos,transpuesta,3200,33,1,32,63593958
Procesos,transpuesta,3200,33,1,32,63068276
Procesos,transpuesta,3200,33,1,32,63632195
Procesos,transpuesta,3200,33,1,32,63130046
Procesos,transpuesta,3200,33,1,32,63281126
Procesos,transpuesta,3200,33,1,32,63688791
Procesos,transpuesta,3200,33,1,32,63546227
Procesos,transpuesta,3200,33,1,32,63769968
Procesos,transpuesta,3200,33,1,32,63358837
Procesos,transpuesta,3200,33,1,32,63461697
Procesos,transpuesta,3200,33,1,32,63085401
Procesos,transpuesta,3200,33,1,32,63118463
Procesos,transpuesta,3200,33,1,32,63815482
Procesos,transpuesta,3200,33,1,32,63704992
Procesos,transpuesta,3200,33,1,32,63683751
Procesos,transpuesta,3200,33,1,32,63159187
Procesos,transpuesta,3200,33,1,32,63387516
Procesos,transpuesta,3200,33,1,32,62893748
Procesos,transpuesta,3200,5,1,4,41003626
Procesos,transpuesta,3200,5,1,4,41016304
Procesos,transpuesta,3200,5,1,4,41033442
Procesos,transpuesta,3200,5,1,4,40999507
Procesos,transpuesta,3200,5,1,4,41490547
Procesos,transpuesta,3200,5,1,4,41032956
Procesos,transpuesta,3200,5,1,4,40966114
Procesos,transpuesta,3200,5,1,4,40985990
Procesos,transpuesta,3200,5,1,4,41200354
Procesos,transpuesta,3200,5,1,4,41028195
Procesos,transpuesta,3200,5,1,4,41034057
Procesos,transpuesta,3200,5,1,4,41792751
Procesos,transpuesta,3200,5,1,4,41735217
Procesos,transpuesta,3200,5,1,4,41013613
Procesos,transpuesta,3200,5,1,4,41017089
Procesos,transpuesta,3200,5,1,4,41008136
Procesos,transpuesta,3200,5,1,4,41031543
Procesos,transpuesta,3200,5,1,4,41011889
Procesos,transpuesta,3200,5,1,4,40965884
Procesos,transpuesta,3200,5,1,4,40967440
Procesos,transpuesta,3200,5,1,4,41018447
Procesos,transpuesta,3200,5,1,4,40979707
Procesos,transpuesta,3200,5,1,4,41012749
Procesos,transpuesta,3200,5,1,4,40945744
Procesos,transpuesta,3200,5,1,4,41002593
Procesos,transpuesta,3200,5,1,4,41031462
Procesos,transpuesta,3200,5,1,4,41234361
Procesos,transpuesta,3200,5,1,4,41039930
Procesos,transpuesta,3200,5,1,4,41106307
Procesos,transpuesta,3200,5,1,4,41193855
Procesos,transpuesta,400,17,1,16,336098
Procesos,transpuesta,400,17,1,16,332910
Procesos,transpuesta,400,17,1,16,323631
Procesos,transpuesta,400,17,1,16,329884
Procesos,transpuesta,400,17,1,16,347182
Procesos,transpuesta,400,17,1,16,290787
Procesos,transpuesta,400,17,1,16,530525
Procesos,transpuesta,400,17,1,16,307613
Procesos,transpuesta,400,17,1,16,347101
Procesos,transpuesta,400,17,1,16,329462
Procesos,transpuesta,400,17,1,16,312263
Procesos,transpuesta,400,17,1,16,334838
Procesos,transpuesta,400,17,1,16,328016
Procesos,transpuesta,400,17,1,16,329092
Procesos,transpuesta,400,17,1,16,330054
Procesos,transpuesta,400,17,1,16,314559
Procesos,transpuesta,400,17,1,16,305247
Procesos,transpuesta,400,17,1,16,331821
Procesos,transpuesta,400,17,1,16,352240
Procesos,transpuesta,400,17,1,16,333320
Procesos,transpuesta,400,17,1,16,351290
Procesos,transpuesta,400,17,1,16,323154
Procesos,transpuesta,400,17,1,16,323548
Procesos,transpuesta,400,17,1,16,324149
Procesos,transpuesta,400,17,1,16,327732
Procesos,transpuesta,400,17,1,16,337714
Procesos,transpuesta,400,17,1,16,342436
Procesos,transpuesta,400,17,1,16,295512
Procesos,transpuesta,400,17,1,16,301204
Procesos,transpuesta,400,17,1,16,353767
Procesos,transpuesta,400,5,1,4,314389
Procesos,transpuesta,400,5,1,4,321853
Procesos,transpuesta,400,5,1,4,320710
Procesos,transpuesta,400,5,1,4,329823
Procesos,transpuesta,400,5,1,4,323577
Procesos,transpuesta,400,5,1,4,322629
Procesos,transpuesta,400,5,1,4,319105
Procesos,transpuesta,400,5,1,4,319205
Procesos,transpuesta,400,5,1,4,320940
Procesos,transpuesta,400,5,1,4,322560
Procesos,transpuesta,400,5,1,4,321173
Procesos,transpuesta,400,5,1,4,322807
Procesos,transpuesta,400,5,1,4,319537
Procesos,transpuesta,400,5,1,4,319875
Procesos,transpuesta,400,5,1,4,330045
Procesos,transpuesta,400,5,1,4,317990
Procesos,transpuesta,400,5,1,4,313551
Procesos,transpuesta,400,5,1,4,405921
Procesos,transpuesta,400,5,1,4,313026
Procesos,transpuesta,400,5,1,4,327769
Procesos,transpuesta,400,5,1,4,326836
Procesos,transpuesta,400,5,1,4,323286
Procesos,transpuesta,400,5,1,4,324350
Procesos,transpuesta,400,5,1,4,326210
Procesos,transpuesta,400,5,1,4,327982
Procesos,transpuesta,400,5,1,4,322353
Procesos,transpuesta,400,5,1,4,316967
Procesos,transpuesta,400,5,1,4,320697
Procesos,transpuesta,400,5,1,4,327852
Procesos,transpuesta,400,5,1,4,332056
Procesos,transpuesta,800,17,1,16,1286967
Procesos,transpuesta,800,17,1,16,1265581
Procesos,transpuesta,800,17,1,16,1231038
Procesos,transpuesta,800,17,1,16,1294738
Procesos,transpuesta,800,17,1,16,1268456
Procesos,transpuesta,800,17,1,16,1292368
Procesos,transpuesta,800,17,1,16,1278415
Procesos,transpuesta,800,17,1,16,1142679
Procesos,transpuesta,800,17,1,16,1285818
Procesos,transpuesta,800,17,1,16,1299263
Procesos,transpuesta,800,17,1,16,1287828
Procesos,transpuesta,800,17,1,16,1230579
Procesos,transpuesta,800,17,1,16,1230311
Procesos,transpuesta,800,17,1,16,1172039
Procesos,transpuesta,800,17,1,16,1231989
Procesos,transpuesta,800,17,1,16,1279078
Procesos,transpuesta,800,17,1,16,1292511
Procesos,transpuesta,800,17,1,16,1253861
Procesos,transpuesta,800,17,1,16,1233386
Procesos,transpuesta,800,17,1,16,1207558
Procesos,transpuesta,800,17,1,16,1181723
Procesos,transpuesta,800,17,1,16,1307122
Procesos,transpuesta,800,17,1,16,1245569
Procesos,transpuesta,800,17,1,16,1200205
Procesos,transpuesta,800,17,1,16,1247796
Procesos,transpuesta,800,17,1,16,1291439
Procesos,transpuesta,800,17,1,16,1376602
Procesos,transpuesta,800,17,1,16,1318904
Procesos,transpuesta,800,17,1,16,2170114
Procesos,transpuesta,800,17,1,16,1155004
Procesos,transpuesta,800,33,1,32,3758227
Procesos,transpuesta,800,33,1,32,3755389
Procesos,transpuesta,800,33,1,32,3761137
Procesos,transpuesta,800,33,1,32,3759733
Procesos,transpuesta,800,33,1,32,3762477
Procesos,transpuesta,800,33,1,32,3771865
Procesos,transpuesta,800,33,1,32,3760454
Procesos,transpuesta,800,33,1,32,3747507
Procesos,transpuesta,800,33,1,32,3742851
Procesos,transpuesta,800,33,1,32,3738312
Procesos,transpuesta,800,33,1,32,3754109
Procesos,transpuesta,800,33,1,32,3774336
Procesos,transpuesta,800,33,1,32,3750209
Procesos,transpuesta,800,33,1,32,3738636
Procesos,transpuesta,800,33,1,32,3755980
Procesos,transpuesta,800,33,1,32,3771705
Procesos,transpuesta,800,33,1,32,3773620
Procesos,transpuesta,800,33,1,32,3751705
Procesos,transpuesta,800,33,1,32,3756960
Procesos,transpuesta,800,33,1,32,3921114
Procesos,transpuesta,800,33,1,32,4672906
Procesos,transpuesta,800,33,1,32,3931093
Procesos,transpuesta,800,33,1,32,3753118
Procesos,transpuesta,800,33,1,32,3780214
Procesos,transpuesta,800,33,1,32,3730641
Procesos,transpuesta,800,33,1,32,3786870
Procesos,transpuesta,800,33,1,32,3740349
Procesos,transpuesta,800,33,1,32,3792021
Procesos,transpuesta,800,33,1,32,3750426
Procesos,transpuesta,800,33,1,32,3764244
Procesos,transpuesta,800,5,1,4,1481356
Procesos,transpuesta,800,5,1,4,1449527
Procesos,transpuesta,800,5,1,4,1474511
Procesos,transpuesta,800,5,1,4,1450340
Procesos,transpuesta,800,5,1,4,1487537
Procesos,transpuesta,800,5,1,4,1467971
Procesos,transpuesta,800,5,1,4,1451408
Procesos,transpuesta,800,5,1,4,1467120
Procesos,transpuesta,800,5,1,4,1465310
Procesos,transpuesta,800,5,1,4,1455229
Procesos,transpuesta,800,5,1,4,1465274
Procesos,transpuesta,800,5,1,4,1449183
Procesos,transpuesta,800,5,1,4,1449992
Procesos,transpuesta,800,5,1,4,1467616
Procesos,transpuesta,800,5,1,4,1482042
Procesos,transpuesta,800,5,1,4,1439692
Procesos,transpuesta,800,5,1,4,1456667
Procesos,transpuesta,800,5,1,4,1448419
Procesos,transpuesta,800,5,1,4,1473666
Procesos,transpuesta,800,5,1,4,1458976
Procesos,transpuesta,800,5,1,4,1475341
Procesos,transpuesta,800,5,1,4,1462673
Procesos,transpuesta,800,5,1,4,1460647
Procesos,transpuesta,800,5,1,4,1493235
Procesos,transpuesta,800,5,1,4,1475396
Procesos,transpuesta,800,5,1,4,1466506
Procesos,transpuesta,800,5,1,4,1461590
Procesos,transpuesta,800,5,1,4,1467165
Procesos,transpuesta,800,5,1,4,1462210
Procesos,transpuesta,800,5,1,4,1478422
ProcesosMaster,clasica,1600,2,1,1,25478964
ProcesosMaster,clasica,1600,2,1,1,25334104
ProcesosMaster,clasica,1600,2,1,1,24927641
ProcesosMaster,clasica,1600,2,1,1,25086665
ProcesosMaster,clasica,1600,2,1,1,24968192
ProcesosMaster,clasica,1600,2,1,1,24855530
ProcesosMaster,clasica,1600,2,1,1,24899258
ProcesosMaster,clasica,1600,2,1,1,24557213
ProcesosMaster,clasica,1600,2,1,1,24791247
ProcesosMaster,clasica,1600,2,1,1,25055480
ProcesosMaster,clasica,1600,2,1,1,24776332
ProcesosMaster,clasica,1600,2,1,1,24988033
ProcesosMaster,clasica,1600,2,1,1,24920754
ProcesosMaster,clasica,1600,2,1,1,24844390
ProcesosMaster,clasica,1600,2,1,1,24855456
ProcesosMaster,clasica,1600,2,1,1,24764256
ProcesosMaster,clasica,1600,2,1,1,24936797
ProcesosMaster,clasica,1600,2,1,1,24665621
ProcesosMaster,clasica,1600,2,1,1,24722766
ProcesosMaster,clasica,1600,2,1,1,24966923
ProcesosMaster,clasica,1600,2,1,1,24899395
ProcesosMaster,clasica,1600,2,1,1,24916499
ProcesosMaster,clasica,1600,2,1,1,24837311
ProcesosMaster,clasica,1600,2,1,1,24987648
ProcesosMaster,clasica,1600,2,1,1,24700776
ProcesosMaster,clasica,1600,2,1,1,25077166
ProcesosMaster,clasica,1600,2,1,1,24634452
ProcesosMaster,clasica,1600,2,1,1,24898624
ProcesosMaster,clasica,1600,2,1,1,24805536
ProcesosMaster,clasica,1600,2,1,1,25119594
ProcesosMaster,clasica,3200,2,1,1,268965357
ProcesosMaster,clasica,3200,2,1,1,274395899
ProcesosMaster,clasica,3200,2,1,1,272526449
ProcesosMaster,clasica,3200,2,1,1,267014794
ProcesosMaster,clasica,3200,2,1,1,270580573
ProcesosMaster,clasica,3200,2,1,1,271517360
ProcesosMaster,clasica,3200,2,1,1,272396264
ProcesosMaster,clasica,3200,2,1,1,273687514
ProcesosMaster,clasica,3200,2,1,1,271663995
ProcesosMaster,clasica,3200,2,1,1,271213009
ProcesosMaster,clasica,3200,2,1,1,268407499
ProcesosMaster,clasica,3200,2,1,1,268880391
ProcesosMaster,clasica,3200,2,1,1,272313673
ProcesosMaster,clasica,3200,2,1,1,270044424
ProcesosMaster,clasica,3200,2,1,1,269334864
ProcesosMaster,clasica,3200,2,1,1,277276413
ProcesosMaster,clasica,3200,2,1,1,269077458
ProcesosMaster,clasica,3200,2,1,1,269365291
ProcesosMaster,clasica,3200,2,1,1,273927291
ProcesosMaster,clasica,3200,2,1,1,276317050
ProcesosMaster,clasica,3200,2,1,1,278391622
ProcesosMaster,clasica,3200,2,1,1,269278465
ProcesosMaster,clasica,3200,2,1,1,268144044
ProcesosMaster,clasica,3200,2,1,1,270459730
ProcesosMaster,clasica,3200,2,1,1,272126403
ProcesosMaster,clasica,3200,2,1,1,268486145
ProcesosMaster,clasica,3200,2,1,1,271506740
ProcesosMaster,clasica,3200,2,1,1,269444880
ProcesosMaster,clasica,3200,2,1,1,276255005
ProcesosMaster,clasica,3200,2,1,1,270087128
ProcesosMaster,clasica,400,2,1,1,196690
ProcesosMaster,clasica,400,2,1,1,200519
ProcesosMaster,clasica,400,2,1,1,201878
ProcesosMaster,clasica,400,2,1,1,195892
ProcesosMaster,clasica,400,2,1,1,198379
ProcesosMaster,clasica,400,2,1,1,197730
ProcesosMaster,clasica,400,2,1,1,198100
ProcesosMaster,clasica,400,2,1,1,196185
ProcesosMaster,clasica,400,2,1,1,197661
ProcesosMaster,clasica,400,2,1,1,198515
ProcesosMaster,clasica,400,2,1,1,200809
ProcesosMaster,clasica,400,2,1,1,200515
ProcesosMaster,clasica,400,2,1,1,205264
ProcesosMaster,clasica,400,2,1,1,197584
ProcesosMaster,clasica,400,2,1,1,197008
ProcesosMaster,clasica,400,2,1,1,200639
ProcesosMaster,clasica,400,2,1,1,197432
ProcesosMaster,clasica,400,2,1,1,203401
ProcesosMaster,clasica,400,2,1,1,200039
ProcesosMaster,clasica,400,2,1,1,196949
ProcesosMaster,clasica,400,2,1,1,203128
ProcesosMaster,clasica,400,2,1,1,196577
ProcesosMaster,clasica,400,2,1,1,202193
ProcesosMaster,clasica,400,2,1,1,201820
ProcesosMaster,clasica,400,2,1,1,200131
ProcesosMaster,clasica,400,2,1,1,199477
ProcesosMaster,clasica,400,2,1,1,200135
ProcesosMaster,clasica,400,2,1,1,204938
ProcesosMaster,clasica,400,2,1,1,197314
ProcesosMaster,clasica,400,2,1,1,199988
ProcesosMaster,clasica,800,2,1,1,1746089
ProcesosMaster,clasica,800,2,1,1,1865401
ProcesosMaster,clasica,800,2,1,1,1895633
ProcesosMaster,clasica,800,2,1,1,1731289
ProcesosMaster,clasica,800,2,1,1,1738388
ProcesosMaster,clasica,800,2,1,1,1752070
ProcesosMaster,clasica,800,2,1,1,1728134
ProcesosMaster,clasica,800,2,1,1,1750150
ProcesosMaster,clasica,800,2,1,1,1722407
ProcesosMaster,clasica,800,2,1,1,1716861
ProcesosMaster,clasica,800,2,1,1,1705203
ProcesosMaster,clasica,800,2,1,1,1725942
ProcesosMaster,clasica,800,2,1,1,1792668
ProcesosMaster,clasica,800,2,1,1,1758120
ProcesosMaster,clasica,800,2,1,1,1722362
ProcesosMaster,clasica,800,2,1,1,1772436
ProcesosMaster,clasica,800,2,1,1,1702714
ProcesosMaster,clasica,800,2,1,1,1729439
ProcesosMaster,clasica,800,2,1,1,1736810
ProcesosMaster,clasica,800,2,1,1,1690606
ProcesosMaster,clasica,800,2,1,1,1688490
ProcesosMaster,clasica,800,2,1,1,1698301
ProcesosMaster,clasica,800,2,1,1,1685175
ProcesosMaster,clasica,800,2,1,1,1691074
ProcesosMaster,clasica,800,2,1,1,1701348
ProcesosMaster,clasica,800,2,1,1,1707666
ProcesosMaster,clasica,800,2,1,1,1741178
ProcesosMaster,clasica,800,2,1,1,1722029
ProcesosMaster,clasica,800,2,1,1,1717450
ProcesosMaster,clasica,800,2,1,1,1740219
ProcesosMaster,transpuesta,1600,2,1,1,11656777
ProcesosMaster,transpuesta,1600,2,1,1,11706251
ProcesosMaster,transpuesta,1600,2,1,1,11698616
ProcesosMaster,transpuesta,1600,2,1,1,11711246
ProcesosMaster,transpuesta,1600,2,1,1,11623829
ProcesosMaster,transpuesta,1600,2,1,1,11699541
ProcesosMaster,transpuesta,1600,2,1,1,11610525
ProcesosMaster,transpuesta,1600,2,1,1,11696673
ProcesosMaster,transpuesta,1600,2,1,1,11753814
ProcesosMaster,transpuesta,1600,2,1,1,11628352
ProcesosMaster,transpuesta,1600,2,1,1,11666985
ProcesosMaster,transpuesta,1600,2,1,1,11663682
ProcesosMaster,transpuesta,1600,2,1,1,11558781
ProcesosMaster,transpuesta,1600,2,1,1,11628555
ProcesosMaster,transpuesta,1600,2,1,1,11586290
ProcesosMaster,transpuesta,1600,2,1,1,11600468
ProcesosMaster,transpuesta,1600,2,1,1,11601111
ProcesosMaster,transpuesta,1600,2,1,1,11573726
ProcesosMaster,transpuesta,1600,2,1,1,11659180
ProcesosMaster,transpuesta,1600,2,1,1,11606224
ProcesosMaster,transpuesta,1600,2,1,1,11658302
ProcesosMaster,transpuesta,1600,2,1,1,11518596
ProcesosMaster,transpuesta,1600,2,1,1,11662594
ProcesosMaster,transpuesta,1600,2,1,1,11686637
ProcesosMaster,transpuesta,1600,2,1,1,11645868
ProcesosMaster,transpuesta,1600,2,1,1,11627539
ProcesosMaster,transpuesta,1600,2,1,1,11595697
ProcesosMaster,transpuesta,1600,2,1,1,11672972
ProcesosMaster,transpuesta,1600,2,1,1,11634208
ProcesosMaster,transpuesta,1600,2,1,1,11657440
ProcesosMaster,transpuesta,3200,2,1,1,93426425
ProcesosMaster,transpuesta,3200,2,1,1,93070246
ProcesosMaster,transpuesta,3200,2,1,1,94266379
ProcesosMaster,transpuesta,3200,2,1,1,93564836
ProcesosMaster,transpuesta,3200,2,1,1,93297724
ProcesosMaster,transpuesta,3200,2,1,1,93517272
ProcesosMaster,transpuesta,3200,2,1,1,93146515
ProcesosMaster,transpuesta,3200,2,1,1,93212668
ProcesosMaster,transpuesta,3200,2,1,1,93501956
ProcesosMaster,transpuesta,3200,2,1,1,93014539
ProcesosMaster,transpuesta,3200,2,1,1,93132310
ProcesosMaster,transpuesta,3200,2,1,1,93058375
ProcesosMaster,transpuesta,3200,2,1,1,93617703
ProcesosMaster,transpuesta,3200,2,1,1,93261461
ProcesosMaster,transpuesta,3200,2,1,1,93163129
ProcesosMaster,transpuesta,3200,2,1,1,93417296
ProcesosMaster,transpuesta,3200,2,1,1,93414283
ProcesosMaster,transpuesta,3200,2,1,1,93254284
ProcesosMaster,transpuesta,3200,2,1,1,93840607
ProcesosMaster,transpuesta,3200,2,1,1,92992411
ProcesosMaster,transpuesta,3200,2,1,1,93507227
ProcesosMaster,transpuesta,3200,2,1,1,93654230
ProcesosMaster,transpuesta,3200,2,1,1,93609368
ProcesosMaster,transpuesta,3200,2,1,1,93499672
ProcesosMaster,transpuesta,3200,2,1,1,93663642
ProcesosMaster,transpuesta,3200,2,1,1,93584990
ProcesosMaster,transpuesta,3200,2,1,1,93523966
ProcesosMaster,transpuesta,3200,2,1,1,93645390
ProcesosMaster,transpuesta,3200,2,1,1,93468779
ProcesosMaster,transpuesta,3200,2,1,1,93091974
ProcesosMaster,transpuesta,400,2,1,1,190326
ProcesosMaster,transpuesta,400,2,1,1,189910
ProcesosMaster,transpuesta,400,2,1,1,191661
ProcesosMaster,transpuesta,400,2,1,1,189211
ProcesosMaster,transpuesta,400,2,1,1,192426
ProcesosMaster,transpuesta,400,2,1,1,193565
ProcesosMaster,transpuesta,400,2,1,1,189482
ProcesosMaster,transpuesta,400,2,1,1,192293
ProcesosMaster,transpuesta,400,2,1,1,191093
ProcesosMaster,transpuesta,400,2,1,1,190988
ProcesosMaster,transpuesta,400,2,1,1,196003
ProcesosMaster,transpuesta,400,2,1,1,191983
ProcesosMaster,transpuesta,400,2,1,1,191302
ProcesosMaster,transpuesta,400,2,1,1,191675
ProcesosMaster,transpuesta,400,2,1,1,193578
ProcesosMaster,transpuesta,400,2,1,1,189234
ProcesosMaster,transpuesta,400,2,1,1,190048
ProcesosMaster,transpuesta,400,2,1,1,189668
ProcesosMaster,transpuesta,400,2,1,1,191008
ProcesosMaster,transpuesta,400,2,1,1,191564
ProcesosMaster,transpuesta,400,2,1,1,193200
ProcesosMaster,transpuesta,400,2,1,1,189515
ProcesosMaster,transpuesta,400,2,1,1,189259
ProcesosMaster,transpuesta,400,2,1,1,187530
ProcesosMaster,transpuesta,400,2,1,1,193010
ProcesosMaster,transpuesta,400,2,1,1,186620
ProcesosMaster,transpuesta,400,2,1,1,190410
ProcesosMaster,transpuesta,400,2,1,1,187362
ProcesosMaster,transpuesta,400,2,1,1,188486
ProcesosMaster,transpuesta,400,2,1,1,188941
ProcesosMaster,transpuesta,800,2,1,1,1415790
ProcesosMaster,transpuesta,800,2,1,1,1405017
ProcesosMaster,transpuesta,800,2,1,1,1409736
ProcesosMaster,transpuesta,800,2,1,1,1407192
ProcesosMaster,transpuesta,800,2,1,1,1385560
ProcesosMaster,transpuesta,800,2,1,1,1399983
ProcesosMaster,transpuesta,800,2,1,1,1383626
ProcesosMaster,transpuesta,800,2,1,1,1390410
ProcesosMaster,transpuesta,800,2,1,1,1400791
ProcesosMaster,transpuesta,800,2,1,1,1408640
ProcesosMaster,transpuesta,800,2,1,1,1388267
ProcesosMaster,transpuesta,800,2,1,1,1402070
ProcesosMaster,transpuesta,800,2,1,1,1406984
ProcesosMaster,transpuesta,800,2,1,1,1380485
ProcesosMaster,transpuesta,800,2,1,1,1397840
ProcesosMaster,transpuesta,800,2,1,1,1389054
ProcesosMaster,transpuesta,800,2,1,1,1406085
ProcesosMaster,transpuesta,800,2,1,1,1395096
ProcesosMaster,transpuesta,800,2,1,1,1378316
ProcesosMaster,transpuesta,800,2,1,1,1393898
ProcesosMaster,transpuesta,800,2,1,1,1403321
ProcesosMaster,transpuesta,800,2,1,1,1412257
ProcesosMaster,transpuesta,800,2,1,1,1391324
ProcesosMaster,transpuesta,800,2,1,1,1384132
ProcesosMaster,transpuesta,800,2,1,1,1384649
ProcesosMaster,transpuesta,800,2,1,1,1391874
ProcesosMaster,transpuesta,800,2,1,1,1405093
ProcesosMaster,transpuesta,800,2,1,1,1391571
ProcesosMaster,transpuesta,800,2,1,1,1391486
ProcesosMaster,transpuesta,800,2,1,1,1384752
